id,name,price,productcategory,url
1,ColombianCoffee,1.01,Coffee,https://espressocoffeeguide.com/wp-content/uploads/2010/05/colombiaorganic-coffee-beans.jpg
2,PeruvianCoffee,0.9,Coffee,https://www.1stincoffee.com/media/catalog/product/cache/1/image/320x320/9df78eab33525d08d6e5fb8d27136e95/o/r/organic-peru_1.jpg
3,EthiopianCoffee,0.98,Coffee,https://www.coffeebeancorral.com/images-cache/15/22/60C4/152260C4242D972446133155F7C605D0BD409F6A.jpg
4,GreenTea,0.89,Tea,https://cdn1.medicalnewstoday.com/content/images/articles/269/269538/green-tea-in-a-cup.jpg
5,BlackTea,1.05,Tea,http://mylovetea.com/wp-content/uploads/2015/12/%E7%A5%81%E7%BA%A21.jpg
